Model,RMSE,MAE,R² Score
Optimized XGBoost,0.4581566172457115,0.2985720978689355,0.8398152871267607
Optimized Random Forest,0.5060389628138307,0.32805492912662315,0.8045835795253367
